group,label,source_file,output_file,config_file,status,error,original_sample_count,activity_interval_count,detected_frame_count,sector0_frame_count,sector0_auth_types,sector0_read_blocks,crop_start_sample,crop_end_sample,cropped_sample_count,crop_start_ms,crop_end_ms,post_sector0_frame_count
lxj,formal,C:\Users\李\Desktop\WorkDocument\Grade3-b\Singapore\rrg_other\client\capture\lxj\formal-001.pm3,,C:\Users\李\Desktop\WorkDocument\Grade3-b\Singapore\rrg_other\client\lock\config\lxj.json,ok,,36243,23,17,10,A/B,0,9581,27027,17446,5.652507374631268,15.94513274336283,4
lxj,formal,C:\Users\李\Desktop\WorkDocument\Grade3-b\Singapore\rrg_other\client\capture\lxj\formal-002.pm3,,C:\Users\李\Desktop\WorkDocument\Grade3-b\Singapore\rrg_other\client\lock\config\lxj.json,ok,,36243,23,18,10,A/B,0,7821,25299,17478,4.614159292035398,14.925663716814158,5
lxj,formal,C:\Users\李\Desktop\WorkDocument\Grade3-b\Singapore\rrg_other\client\capture\lxj\formal-003.pm3,,C:\Users\李\Desktop\WorkDocument\Grade3-b\Singapore\rrg_other\client\lock\config\lxj.json,rejected,ambiguous authentication 2 frame gap 2: 1.473 ms,,,,,,,,,,,,
lxj,formal,C:\Users\李\Desktop\WorkDocument\Grade3-b\Singapore\rrg_other\client\capture\lxj\formal-004.pm3,,C:\Users\李\Desktop\WorkDocument\Grade3-b\Singapore\rrg_other\client\lock\config\lxj.json,ok,,36243,23,18,10,A/B,0,6829,24307,17478,4.028908554572271,14.340412979351033,5
lxj,formal,C:\Users\李\Desktop\WorkDocument\Grade3-b\Singapore\rrg_other\client\capture\lxj\formal-005.pm3,,C:\Users\李\Desktop\WorkDocument\Grade3-b\Singapore\rrg_other\client\lock\config\lxj.json,ok,,36243,23,18,10,A/B,0,7469,24915,17446,4.406489675516224,14.699115044247788,5
lxj,formal,C:\Users\李\Desktop\WorkDocument\Grade3-b\Singapore\rrg_other\client\capture\lxj\formal-006.pm3,,C:\Users\李\Desktop\WorkDocument\Grade3-b\Singapore\rrg_other\client\lock\config\lxj.json,ok,,36243,25,18,10,A/B,0,8845,26451,17606,5.218289085545723,15.605309734513275,5
lxj,formal,C:\Users\李\Desktop\WorkDocument\Grade3-b\Singapore\rrg_other\client\capture\lxj\formal-007.pm3,,C:\Users\李\Desktop\WorkDocument\Grade3-b\Singapore\rrg_other\client\lock\config\lxj.json,ok,,36243,23,18,10,A/B,0,6701,24179,17478,3.953392330383481,14.264896755162242,5
lxj,formal,C:\Users\李\Desktop\WorkDocument\Grade3-b\Singapore\rrg_other\client\capture\lxj\formal-008.pm3,,C:\Users\李\Desktop\WorkDocument\Grade3-b\Singapore\rrg_other\client\lock\config\lxj.json,ok,,36243,23,18,10,A/B,0,7821,25363,17542,4.614159292035398,14.963421828908555,5
lxj,formal,C:\Users\李\Desktop\WorkDocument\Grade3-b\Singapore\rrg_other\client\capture\lxj\formal-009.pm3,,C:\Users\李\Desktop\WorkDocument\Grade3-b\Singapore\rrg_other\client\lock\config\lxj.json,ok,,36243,24,18,10,A/B,0,8205,25747,17542,4.840707964601769,15.189970501474926,5
lxj,formal,C:\Users\李\Desktop\WorkDocument\Grade3-b\Singapore\rrg_other\client\capture\lxj\formal.pm3,,C:\Users\李\Desktop\WorkDocument\Grade3-b\Singapore\rrg_other\client\lock\config\lxj.json,ok,,36243,25,18,10,A/B,0,7949,25523,17574,4.689675516224189,15.057817109144544,5
lxj,magic,C:\Users\李\Desktop\WorkDocument\Grade3-b\Singapore\rrg_other\client\capture\lxj\magic-001.pm3,,C:\Users\李\Desktop\WorkDocument\Grade3-b\Singapore\rrg_other\client\lock\config\lxj.json,ok,,36243,23,18,10,A/B,0,6957,24275,17318,4.104424778761063,14.321533923303836,5
lxj,magic,C:\Users\李\Desktop\WorkDocument\Grade3-b\Singapore\rrg_other\client\capture\lxj\magic-002.pm3,,C:\Users\李\Desktop\WorkDocument\Grade3-b\Singapore\rrg_other\client\lock\config\lxj.json,ok,,36243,26,18,10,A/B,0,8781,26195,17414,5.180530973451328,15.454277286135694,5
lxj,magic,C:\Users\李\Desktop\WorkDocument\Grade3-b\Singapore\rrg_other\client\capture\lxj\magic-003.pm3,,C:\Users\李\Desktop\WorkDocument\Grade3-b\Singapore\rrg_other\client\lock\config\lxj.json,ok,,36243,25,18,10,A/B,0,7981,25363,17382,4.708554572271387,14.963421828908555,5
lxj,magic,C:\Users\李\Desktop\WorkDocument\Grade3-b\Singapore\rrg_other\client\capture\lxj\magic-004.pm3,,C:\Users\李\Desktop\WorkDocument\Grade3-b\Singapore\rrg_other\client\lock\config\lxj.json,ok,,36243,28,18,10,A/B,0,7181,24563,17382,4.236578171091446,14.491445427728614,5
lxj,magic,C:\Users\李\Desktop\WorkDocument\Grade3-b\Singapore\rrg_other\client\capture\lxj\magic-005.pm3,,C:\Users\李\Desktop\WorkDocument\Grade3-b\Singapore\rrg_other\client\lock\config\lxj.json,ok,,36243,27,18,10,A/B,0,9101,26355,17254,5.369321533923304,15.548672566371682,5
lxj,magic,C:\Users\李\Desktop\WorkDocument\Grade3-b\Singapore\rrg_other\client\capture\lxj\magic-006.pm3,,C:\Users\李\Desktop\WorkDocument\Grade3-b\Singapore\rrg_other\client\lock\config\lxj.json,ok,,36243,27,18,10,A/B,0,8653,25971,17318,5.105014749262537,15.32212389380531,5
lxj,magic,C:\Users\李\Desktop\WorkDocument\Grade3-b\Singapore\rrg_other\client\capture\lxj\magic-007.pm3,,C:\Users\李\Desktop\WorkDocument\Grade3-b\Singapore\rrg_other\client\lock\config\lxj.json,ok,,36243,27,18,10,A/B,0,6989,24307,17318,4.12330383480826,14.340412979351033,5
lxj,magic,C:\Users\李\Desktop\WorkDocument\Grade3-b\Singapore\rrg_other\client\capture\lxj\magic-008.pm3,,C:\Users\李\Desktop\WorkDocument\Grade3-b\Singapore\rrg_other\client\lock\config\lxj.json,ok,,36243,27,18,10,A/B,0,7469,24819,17350,4.406489675516224,14.642477876106195,5
lxj,magic,C:\Users\李\Desktop\WorkDocument\Grade3-b\Singapore\rrg_other\client\capture\lxj\magic-009.pm3,,C:\Users\李\Desktop\WorkDocument\Grade3-b\Singapore\rrg_other\client\lock\config\lxj.json,ok,,36243,26,18,10,A/B,0,7117,24467,17350,4.19882005899705,14.43480825958702,5
lxj,magic,C:\Users\李\Desktop\WorkDocument\Grade3-b\Singapore\rrg_other\client\capture\lxj\magic.pm3,,C:\Users\李\Desktop\WorkDocument\Grade3-b\Singapore\rrg_other\client\lock\config\lxj.json,ok,,36243,23,18,10,A/B,0,6605,23955,17350,3.896755162241888,14.132743362831858,5
lyl,formal,C:\Users\李\Desktop\WorkDocument\Grade3-b\Singapore\rrg_other\client\capture\lyl\formal-001.pm3,,C:\Users\李\Desktop\WorkDocument\Grade3-b\Singapore\rrg_other\client\lock\config\lyl.json,ok,,36243,25,18,10,A/B,0,7309,24787,17478,4.312094395280236,14.623598820058996,5
lyl,formal,C:\Users\李\Desktop\WorkDocument\Grade3-b\Singapore\rrg_other\client\capture\lyl\formal-002.pm3,,C:\Users\李\Desktop\WorkDocument\Grade3-b\Singapore\rrg_other\client\lock\config\lyl.json,rejected,ambiguous authentication 2 frame gap 2: 1.473 ms,,,,,,,,,,,,
lyl,formal,C:\Users\李\Desktop\WorkDocument\Grade3-b\Singapore\rrg_other\client\capture\lyl\formal-003.pm3,,C:\Users\李\Desktop\WorkDocument\Grade3-b\Singapore\rrg_other\client\lock\config\lyl.json,ok,,36243,25,17,10,A/B,0,5581,23155,17574,3.2926253687315636,13.660766961651918,5
lyl,formal,C:\Users\李\Desktop\WorkDocument\Grade3-b\Singapore\rrg_other\client\capture\lyl\formal-004.pm3,,C:\Users\李\Desktop\WorkDocument\Grade3-b\Singapore\rrg_other\client\lock\config\lyl.json,ok,,36243,23,17,10,A/B,0,9229,26739,17510,5.444837758112094,15.775221238938052,4
lyl,formal,C:\Users\李\Desktop\WorkDocument\Grade3-b\Singapore\rrg_other\client\capture\lyl\formal-005.pm3,,C:\Users\李\Desktop\WorkDocument\Grade3-b\Singapore\rrg_other\client\lock\config\lyl.json,ok,,36243,25,18,10,A/B,0,9165,26707,17542,5.407079646017699,15.756342182890855,5
lyl,formal,C:\Users\李\Desktop\WorkDocument\Grade3-b\Singapore\rrg_other\client\capture\lyl\formal-006.pm3,,C:\Users\李\Desktop\WorkDocument\Grade3-b\Singapore\rrg_other\client\lock\config\lyl.json,ok,,36243,24,17,10,A/B,0,9677,27219,17542,5.7091445427728615,16.05840707964602,4
lyl,formal,C:\Users\李\Desktop\WorkDocument\Grade3-b\Singapore\rrg_other\client\capture\lyl\formal-007.pm3,,C:\Users\李\Desktop\WorkDocument\Grade3-b\Singapore\rrg_other\client\lock\config\lyl.json,ok,,36243,29,18,10,A/B,0,7789,25299,17510,4.5952802359882,14.925663716814158,5
lyl,formal,C:\Users\李\Desktop\WorkDocument\Grade3-b\Singapore\rrg_other\client\capture\lyl\formal-008.pm3,,C:\Users\李\Desktop\WorkDocument\Grade3-b\Singapore\rrg_other\client\lock\config\lyl.json,ok,,36243,23,18,10,A/B,0,7149,24627,17478,4.2176991150442475,14.529203539823008,5
lyl,formal,C:\Users\李\Desktop\WorkDocument\Grade3-b\Singapore\rrg_other\client\capture\lyl\formal-009.pm3,,C:\Users\李\Desktop\WorkDocument\Grade3-b\Singapore\rrg_other\client\lock\config\lyl.json,ok,,36243,24,18,10,A/B,0,6925,24435,17510,4.085545722713864,14.415929203539823,5
lyl,formal,C:\Users\李\Desktop\WorkDocument\Grade3-b\Singapore\rrg_other\client\capture\lyl\formal.pm3,,C:\Users\李\Desktop\WorkDocument\Grade3-b\Singapore\rrg_other\client\lock\config\lyl.json,ok,,36243,24,18,10,A/B,0,8973,26483,17510,5.2938053097345135,15.624188790560472,5
lyl,magic,C:\Users\李\Desktop\WorkDocument\Grade3-b\Singapore\rrg_other\client\capture\lyl\magic-001.pm3,,C:\Users\李\Desktop\WorkDocument\Grade3-b\Singapore\rrg_other\client\lock\config\lyl.json,ok,,36243,27,18,10,A/B,0,6925,24275,17350,4.085545722713864,14.321533923303836,5
lyl,magic,C:\Users\李\Desktop\WorkDocument\Grade3-b\Singapore\rrg_other\client\capture\lyl\magic-002.pm3,,C:\Users\李\Desktop\WorkDocument\Grade3-b\Singapore\rrg_other\client\lock\config\lyl.json,ok,,36243,24,17,10,A/B,0,9165,26547,17382,5.407079646017699,15.661946902654867,4
lyl,magic,C:\Users\李\Desktop\WorkDocument\Grade3-b\Singapore\rrg_other\client\capture\lyl\magic-003.pm3,,C:\Users\李\Desktop\WorkDocument\Grade3-b\Singapore\rrg_other\client\lock\config\lyl.json,ok,,36243,27,18,10,A/B,0,7533,24979,17446,4.444247787610619,14.736873156342183,5
lyl,magic,C:\Users\李\Desktop\WorkDocument\Grade3-b\Singapore\rrg_other\client\capture\lyl\magic-004.pm3,,C:\Users\李\Desktop\WorkDocument\Grade3-b\Singapore\rrg_other\client\lock\config\lyl.json,ok,,36243,27,17,10,A/B,0,9261,26643,17382,5.463716814159292,15.71858407079646,4
lyl,magic,C:\Users\李\Desktop\WorkDocument\Grade3-b\Singapore\rrg_other\client\capture\lyl\magic-005.pm3,,C:\Users\李\Desktop\WorkDocument\Grade3-b\Singapore\rrg_other\client\lock\config\lyl.json,ok,,36243,24,17,10,A/B,0,9581,27027,17446,5.652507374631268,15.94513274336283,4
lyl,magic,C:\Users\李\Desktop\WorkDocument\Grade3-b\Singapore\rrg_other\client\capture\lyl\magic-006.pm3,,C:\Users\李\Desktop\WorkDocument\Grade3-b\Singapore\rrg_other\client\lock\config\lyl.json,ok,,36243,25,18,10,A/B,0,7245,24627,17382,4.27433628318584,14.529203539823008,5
lyl,magic,C:\Users\李\Desktop\WorkDocument\Grade3-b\Singapore\rrg_other\client\capture\lyl\magic-007.pm3,,C:\Users\李\Desktop\WorkDocument\Grade3-b\Singapore\rrg_other\client\lock\config\lyl.json,ok,,36243,23,18,10,A/B,0,7661,25107,17446,4.519764011799411,14.812389380530973,5
lyl,magic,C:\Users\李\Desktop\WorkDocument\Grade3-b\Singapore\rrg_other\client\capture\lyl\magic-008.pm3,,C:\Users\李\Desktop\WorkDocument\Grade3-b\Singapore\rrg_other\client\lock\config\lyl.json,ok,,36243,27,18,10,A/B,0,8781,26195,17414,5.180530973451328,15.454277286135694,5
lyl,magic,C:\Users\李\Desktop\WorkDocument\Grade3-b\Singapore\rrg_other\client\capture\lyl\magic-009.pm3,,C:\Users\李\Desktop\WorkDocument\Grade3-b\Singapore\rrg_other\client\lock\config\lyl.json,ok,,36243,23,18,10,A/B,0,6701,24083,17382,3.953392330383481,14.208259587020649,5
lyl,magic,C:\Users\李\Desktop\WorkDocument\Grade3-b\Singapore\rrg_other\client\capture\lyl\magic.pm3,,C:\Users\李\Desktop\WorkDocument\Grade3-b\Singapore\rrg_other\client\lock\config\lyl.json,rejected,cannot locate the first sector operation after selection,,,,,,,,,,,,
pcfe,formal,C:\Users\李\Desktop\WorkDocument\Grade3-b\Singapore\rrg_other\client\capture\pcfe\formal-001.pm3,,C:\Users\李\Desktop\WorkDocument\Grade3-b\Singapore\rrg_other\client\lock\config\pcfe.json,ok,,36243,23,18,10,A/B,0,6541,23955,17414,3.858997050147493,14.132743362831858,5
pcfe,formal,C:\Users\李\Desktop\WorkDocument\Grade3-b\Singapore\rrg_other\client\capture\pcfe\formal-002.pm3,,C:\Users\李\Desktop\WorkDocument\Grade3-b\Singapore\rrg_other\client\lock\config\pcfe.json,ok,,36243,26,17,10,A/B,0,9613,27091,17478,5.671386430678466,15.982890855457226,4
pcfe,formal,C:\Users\李\Desktop\WorkDocument\Grade3-b\Singapore\rrg_other\client\capture\pcfe\formal-003.pm3,,C:\Users\李\Desktop\WorkDocument\Grade3-b\Singapore\rrg_other\client\lock\config\pcfe.json,ok,,36243,24,18,10,A/B,0,7373,24915,17542,4.3498525073746315,14.699115044247788,5
pcfe,formal,C:\Users\李\Desktop\WorkDocument\Grade3-b\Singapore\rrg_other\client\capture\pcfe\formal-004.pm3,,C:\Users\李\Desktop\WorkDocument\Grade3-b\Singapore\rrg_other\client\lock\config\pcfe.json,rejected,ambiguous authentication 2 frame gap 2: 1.454 ms,,,,,,,,,,,,
pcfe,formal,C:\Users\李\Desktop\WorkDocument\Grade3-b\Singapore\rrg_other\client\capture\pcfe\formal-005.pm3,,C:\Users\李\Desktop\WorkDocument\Grade3-b\Singapore\rrg_other\client\lock\config\pcfe.json,ok,,36243,24,18,10,A/B,0,6573,24019,17446,3.8778761061946905,14.170501474926253,5
pcfe,formal,C:\Users\李\Desktop\WorkDocument\Grade3-b\Singapore\rrg_other\client\capture\pcfe\formal-006.pm3,,C:\Users\李\Desktop\WorkDocument\Grade3-b\Singapore\rrg_other\client\lock\config\pcfe.json,ok,,36243,25,18,10,A/B,0,6509,23955,17446,3.8401179941002948,14.132743362831858,5
pcfe,formal,C:\Users\李\Desktop\WorkDocument\Grade3-b\Singapore\rrg_other\client\capture\pcfe\formal-007.pm3,,C:\Users\李\Desktop\WorkDocument\Grade3-b\Singapore\rrg_other\client\lock\config\pcfe.json,ok,,36243,25,17,10,A/B,0,9965,27379,17414,5.879056047197641,16.152802359882006,4
pcfe,formal,C:\Users\李\Desktop\WorkDocument\Grade3-b\Singapore\rrg_other\client\capture\pcfe\formal-008.pm3,,C:\Users\李\Desktop\WorkDocument\Grade3-b\Singapore\rrg_other\client\lock\config\pcfe.json,ok,,36243,23,17,10,A/B,0,9005,26515,17510,5.3126843657817115,15.64306784660767,4
pcfe,formal,C:\Users\李\Desktop\WorkDocument\Grade3-b\Singapore\rrg_other\client\capture\pcfe\formal-009.pm3,,C:\Users\李\Desktop\WorkDocument\Grade3-b\Singapore\rrg_other\client\lock\config\pcfe.json,ok,,36243,23,18,10,A/B,0,7277,24819,17542,4.293215339233039,14.642477876106195,5
pcfe,formal,C:\Users\李\Desktop\WorkDocument\Grade3-b\Singapore\rrg_other\client\capture\pcfe\formal.pm3,,C:\Users\李\Desktop\WorkDocument\Grade3-b\Singapore\rrg_other\client\lock\config\pcfe.json,rejected,cannot locate the first sector operation after selection,,,,,,,,,,,,
pcfe,magic,C:\Users\李\Desktop\WorkDocument\Grade3-b\Singapore\rrg_other\client\capture\pcfe\magic-001.pm3,,C:\Users\李\Desktop\WorkDocument\Grade3-b\Singapore\rrg_other\client\lock\config\pcfe.json,ok,,36243,26,18,10,A/B,0,7533,24979,17446,4.444247787610619,14.736873156342183,5
pcfe,magic,C:\Users\李\Desktop\WorkDocument\Grade3-b\Singapore\rrg_other\client\capture\pcfe\magic-002.pm3,,C:\Users\李\Desktop\WorkDocument\Grade3-b\Singapore\rrg_other\client\lock\config\pcfe.json,ok,,36243,26,18,10,A/B,0,6509,23891,17382,3.8401179941002948,14.094985250737462,5
pcfe,magic,C:\Users\李\Desktop\WorkDocument\Grade3-b\Singapore\rrg_other\client\capture\pcfe\magic-003.pm3,,C:\Users\李\Desktop\WorkDocument\Grade3-b\Singapore\rrg_other\client\lock\config\pcfe.json,ok,,36243,21,17,10,A/B,0,5997,23283,17286,3.5380530973451325,13.736283185840708,5
pcfe,magic,C:\Users\李\Desktop\WorkDocument\Grade3-b\Singapore\rrg_other\client\capture\pcfe\magic-004.pm3,,C:\Users\李\Desktop\WorkDocument\Grade3-b\Singapore\rrg_other\client\lock\config\pcfe.json,ok,,36243,26,18,10,A/B,0,8429,25715,17286,4.972861356932153,15.171091445427729,5
pcfe,magic,C:\Users\李\Desktop\WorkDocument\Grade3-b\Singapore\rrg_other\client\capture\pcfe\magic-005.pm3,,C:\Users\李\Desktop\WorkDocument\Grade3-b\Singapore\rrg_other\client\lock\config\pcfe.json,ok,,36243,25,18,10,A/B,0,7885,25171,17286,4.651917404129793,14.850147492625368,5
pcfe,magic,C:\Users\李\Desktop\WorkDocument\Grade3-b\Singapore\rrg_other\client\capture\pcfe\magic-006.pm3,,C:\Users\李\Desktop\WorkDocument\Grade3-b\Singapore\rrg_other\client\lock\config\pcfe.json,ok,,36243,27,18,10,A/B,0,8781,26067,17286,5.180530973451328,15.378761061946902,5
pcfe,magic,C:\Users\李\Desktop\WorkDocument\Grade3-b\Singapore\rrg_other\client\capture\pcfe\magic-007.pm3,,C:\Users\李\Desktop\WorkDocument\Grade3-b\Singapore\rrg_other\client\lock\config\pcfe.json,ok,,36243,26,18,10,A/B,0,9421,26739,17318,5.55811209439528,15.775221238938052,5
pcfe,magic,C:\Users\李\Desktop\WorkDocument\Grade3-b\Singapore\rrg_other\client\capture\pcfe\magic-008.pm3,,C:\Users\李\Desktop\WorkDocument\Grade3-b\Singapore\rrg_other\client\lock\config\pcfe.json,ok,,36243,27,18,10,A/B,0,7949,25203,17254,4.689675516224189,14.869026548672567,5
pcfe,magic,C:\Users\李\Desktop\WorkDocument\Grade3-b\Singapore\rrg_other\client\capture\pcfe\magic-009.pm3,,C:\Users\李\Desktop\WorkDocument\Grade3-b\Singapore\rrg_other\client\lock\config\pcfe.json,ok,,36243,25,18,10,A/B,0,6605,23923,17318,3.896755162241888,14.113864306784661,5
pcfe,magic,C:\Users\李\Desktop\WorkDocument\Grade3-b\Singapore\rrg_other\client\capture\pcfe\magic.pm3,,C:\Users\李\Desktop\WorkDocument\Grade3-b\Singapore\rrg_other\client\lock\config\pcfe.json,rejected,ambiguous authentication 2 frame gap 2: 1.473 ms,,,,,,,,,,,,
szc,formal,C:\Users\李\Desktop\WorkDocument\Grade3-b\Singapore\rrg_other\client\capture\szc\formal-001.pm3,,C:\Users\李\Desktop\WorkDocument\Grade3-b\Singapore\rrg_other\client\lock\config\szc.json,ok,,36243,25,17,10,A/B,0,9773,27283,17510,5.765781710914454,16.096165191740415,4
szc,formal,C:\Users\李\Desktop\WorkDocument\Grade3-b\Singapore\rrg_other\client\capture\szc\formal-002.pm3,,C:\Users\李\Desktop\WorkDocument\Grade3-b\Singapore\rrg_other\client\lock\config\szc.json,ok,,36243,23,18,10,A/B,0,8269,25715,17446,4.878466076696165,15.171091445427729,5
szc,formal,C:\Users\李\Desktop\WorkDocument\Grade3-b\Singapore\rrg_other\client\capture\szc\formal-003.pm3,,C:\Users\李\Desktop\WorkDocument\Grade3-b\Singapore\rrg_other\client\lock\config\szc.json,ok,,36243,23,18,10,A/B,0,7341,24883,17542,4.330973451327434,14.680235988200591,5
szc,formal,C:\Users\李\Desktop\WorkDocument\Grade3-b\Singapore\rrg_other\client\capture\szc\formal-004.pm3,,C:\Users\李\Desktop\WorkDocument\Grade3-b\Singapore\rrg_other\client\lock\config\szc.json,ok,,36243,25,18,10,A/B,0,8653,26099,17446,5.105014749262537,15.397640117994099,5
szc,formal,C:\Users\李\Desktop\WorkDocument\Grade3-b\Singapore\rrg_other\client\capture\szc\formal-005.pm3,,C:\Users\李\Desktop\WorkDocument\Grade3-b\Singapore\rrg_other\client\lock\config\szc.json,ok,,36243,24,18,10,A/B,0,8013,25459,17446,4.727433628318584,15.020058997050146,5
szc,formal,C:\Users\李\Desktop\WorkDocument\Grade3-b\Singapore\rrg_other\client\capture\szc\formal-006.pm3,,C:\Users\李\Desktop\WorkDocument\Grade3-b\Singapore\rrg_other\client\lock\config\szc.json,ok,,36243,24,18,10,A/B,0,8973,26355,17382,5.2938053097345135,15.548672566371682,5
szc,formal,C:\Users\李\Desktop\WorkDocument\Grade3-b\Singapore\rrg_other\client\capture\szc\formal-007.pm3,,C:\Users\李\Desktop\WorkDocument\Grade3-b\Singapore\rrg_other\client\lock\config\szc.json,ok,,36243,23,18,10,A/B,0,8589,26003,17414,5.067256637168141,15.341002949852507,5
szc,formal,C:\Users\李\Desktop\WorkDocument\Grade3-b\Singapore\rrg_other\client\capture\szc\formal-008.pm3,,C:\Users\李\Desktop\WorkDocument\Grade3-b\Singapore\rrg_other\client\lock\config\szc.json,ok,,36243,25,18,10,A/B,0,7085,24499,17414,4.179941002949852,14.453687315634218,5
szc,formal,C:\Users\李\Desktop\WorkDocument\Grade3-b\Singapore\rrg_other\client\capture\szc\formal-009.pm3,,C:\Users\李\Desktop\WorkDocument\Grade3-b\Singapore\rrg_other\client\lock\config\szc.json,ok,,36243,23,18,10,A/B,0,6541,24083,17542,3.858997050147493,14.208259587020649,5
szc,formal,C:\Users\李\Desktop\WorkDocument\Grade3-b\Singapore\rrg_other\client\capture\szc\formal.pm3,,C:\Users\李\Desktop\WorkDocument\Grade3-b\Singapore\rrg_other\client\lock\config\szc.json,rejected,cannot locate the first sector operation after selection,,,,,,,,,,,,
szc,magic,C:\Users\李\Desktop\WorkDocument\Grade3-b\Singapore\rrg_other\client\capture\szc\magic-001.pm3,,C:\Users\李\Desktop\WorkDocument\Grade3-b\Singapore\rrg_other\client\lock\config\szc.json,ok,,36243,26,18,10,A/B,0,8045,25331,17286,4.7463126843657815,14.944542772861356,5
szc,magic,C:\Users\李\Desktop\WorkDocument\Grade3-b\Singapore\rrg_other\client\capture\szc\magic-002.pm3,,C:\Users\李\Desktop\WorkDocument\Grade3-b\Singapore\rrg_other\client\lock\config\szc.json,ok,,36243,26,18,10,A/B,0,8429,25715,17286,4.972861356932153,15.171091445427729,5
szc,magic,C:\Users\李\Desktop\WorkDocument\Grade3-b\Singapore\rrg_other\client\capture\szc\magic-003.pm3,,C:\Users\李\Desktop\WorkDocument\Grade3-b\Singapore\rrg_other\client\lock\config\szc.json,ok,,36243,26,18,10,A/B,0,6733,24051,17318,3.9722713864306787,14.18938053097345,5
szc,magic,C:\Users\李\Desktop\WorkDocument\Grade3-b\Singapore\rrg_other\client\capture\szc\magic-004.pm3,,C:\Users\李\Desktop\WorkDocument\Grade3-b\Singapore\rrg_other\client\lock\config\szc.json,ok,,36243,25,18,10,A/B,0,6349,23667,17318,3.7457227138643066,13.96283185840708,5
szc,magic,C:\Users\李\Desktop\WorkDocument\Grade3-b\Singapore\rrg_other\client\capture\szc\magic-005.pm3,,C:\Users\李\Desktop\WorkDocument\Grade3-b\Singapore\rrg_other\client\lock\config\szc.json,ok,,36243,26,18,10,A/B,0,6413,23731,17318,3.7834808259587023,14.000589970501474,5
szc,magic,C:\Users\李\Desktop\WorkDocument\Grade3-b\Singapore\rrg_other\client\capture\szc\magic-006.pm3,,C:\Users\李\Desktop\WorkDocument\Grade3-b\Singapore\rrg_other\client\lock\config\szc.json,ok,,36243,26,18,10,A/B,0,6861,24147,17286,4.047787610619469,14.246017699115045,5
szc,magic,C:\Users\李\Desktop\WorkDocument\Grade3-b\Singapore\rrg_other\client\capture\szc\magic-007.pm3,,C:\Users\李\Desktop\WorkDocument\Grade3-b\Singapore\rrg_other\client\lock\config\szc.json,ok,,36243,26,18,10,A/B,0,8045,25363,17318,4.7463126843657815,14.963421828908555,5
szc,magic,C:\Users\李\Desktop\WorkDocument\Grade3-b\Singapore\rrg_other\client\capture\szc\magic-008.pm3,,C:\Users\李\Desktop\WorkDocument\Grade3-b\Singapore\rrg_other\client\lock\config\szc.json,ok,,36243,25,18,10,A/B,0,8973,26323,17350,5.2938053097345135,15.529793510324485,5
szc,magic,C:\Users\李\Desktop\WorkDocument\Grade3-b\Singapore\rrg_other\client\capture\szc\magic-009.pm3,,C:\Users\李\Desktop\WorkDocument\Grade3-b\Singapore\rrg_other\client\lock\config\szc.json,ok,,36243,23,18,10,A/B,0,6989,24275,17286,4.12330383480826,14.321533923303836,5
szc,magic,C:\Users\李\Desktop\WorkDocument\Grade3-b\Singapore\rrg_other\client\capture\szc\magic.pm3,,C:\Users\李\Desktop\WorkDocument\Grade3-b\Singapore\rrg_other\client\lock\config\szc.json,ok,,36243,26,18,10,A/B,0,6829,24179,17350,4.028908554572271,14.264896755162242,5
ypz,formal,C:\Users\李\Desktop\WorkDocument\Grade3-b\Singapore\rrg_other\client\capture\ypz\formal-001.pm3,,C:\Users\李\Desktop\WorkDocument\Grade3-b\Singapore\rrg_other\client\lock\config\ypz.json,ok,,36243,23,17,10,A/B,0,9101,26739,17638,5.369321533923304,15.775221238938052,4
ypz,formal,C:\Users\李\Desktop\WorkDocument\Grade3-b\Singapore\rrg_other\client\capture\ypz\formal-002.pm3,,C:\Users\李\Desktop\WorkDocument\Grade3-b\Singapore\rrg_other\client\lock\config\ypz.json,ok,,36243,24,17,10,A/B,0,9005,26483,17478,5.3126843657817115,15.624188790560472,4
ypz,formal,C:\Users\李\Desktop\WorkDocument\Grade3-b\Singapore\rrg_other\client\capture\ypz\formal-003.pm3,,C:\Users\李\Desktop\WorkDocument\Grade3-b\Singapore\rrg_other\client\lock\config\ypz.json,ok,,36243,23,18,10,A/B,0,6829,24371,17542,4.028908554572271,14.378171091445427,5
ypz,formal,C:\Users\李\Desktop\WorkDocument\Grade3-b\Singapore\rrg_other\client\capture\ypz\formal-004.pm3,,C:\Users\李\Desktop\WorkDocument\Grade3-b\Singapore\rrg_other\client\lock\config\ypz.json,ok,,36243,27,18,10,A/B,0,8621,26195,17574,5.08613569321534,15.454277286135694,5
ypz,formal,C:\Users\李\Desktop\WorkDocument\Grade3-b\Singapore\rrg_other\client\capture\ypz\formal-005.pm3,,C:\Users\李\Desktop\WorkDocument\Grade3-b\Singapore\rrg_other\client\lock\config\ypz.json,ok,,36243,24,18,10,A/B,0,8461,25875,17414,4.991740412979351,15.265486725663717,5
ypz,formal,C:\Users\李\Desktop\WorkDocument\Grade3-b\Singapore\rrg_other\client\capture\ypz\formal-006.pm3,,C:\Users\李\Desktop\WorkDocument\Grade3-b\Singapore\rrg_other\client\lock\config\ypz.json,ok,,36243,23,18,10,A/B,0,8685,26259,17574,5.123893805309735,15.492035398230088,5
ypz,formal,C:\Users\李\Desktop\WorkDocument\Grade3-b\Singapore\rrg_other\client\capture\ypz\formal-007.pm3,,C:\Users\李\Desktop\WorkDocument\Grade3-b\Singapore\rrg_other\client\lock\config\ypz.json,rejected,cannot locate the first sector operation after selection,,,,,,,,,,,,
ypz,formal,C:\Users\李\Desktop\WorkDocument\Grade3-b\Singapore\rrg_other\client\capture\ypz\formal-008.pm3,,C:\Users\李\Desktop\WorkDocument\Grade3-b\Singapore\rrg_other\client\lock\config\ypz.json,ok,,36243,23,18,10,A/B,0,7565,25171,17606,4.463126843657816,14.850147492625368,5
ypz,formal,C:\Users\李\Desktop\WorkDocument\Grade3-b\Singapore\rrg_other\client\capture\ypz\formal-009.pm3,,C:\Users\李\Desktop\WorkDocument\Grade3-b\Singapore\rrg_other\client\lock\config\ypz.json,ok,,36243,25,18,10,A/B,0,7725,25235,17510,4.557522123893805,14.887905604719764,5
ypz,formal,C:\Users\李\Desktop\WorkDocument\Grade3-b\Singapore\rrg_other\client\capture\ypz\formal.pm3,,C:\Users\李\Desktop\WorkDocument\Grade3-b\Singapore\rrg_other\client\lock\config\ypz.json,ok,,36243,23,18,10,A/B,0,8205,25779,17574,4.840707964601769,15.208849557522123,5
ypz,magic,C:\Users\李\Desktop\WorkDocument\Grade3-b\Singapore\rrg_other\client\capture\ypz\magic-001.pm3,,C:\Users\李\Desktop\WorkDocument\Grade3-b\Singapore\rrg_other\client\lock\config\ypz.json,ok,,36243,27,18,10,A/B,0,8397,25747,17350,4.953982300884956,15.189970501474926,5
ypz,magic,C:\Users\李\Desktop\WorkDocument\Grade3-b\Singapore\rrg_other\client\capture\ypz\magic-002.pm3,,C:\Users\李\Desktop\WorkDocument\Grade3-b\Singapore\rrg_other\client\lock\config\ypz.json,ok,,36243,27,18,10,A/B,0,8397,25843,17446,4.953982300884956,15.24660766961652,5
ypz,magic,C:\Users\李\Desktop\WorkDocument\Grade3-b\Singapore\rrg_other\client\capture\ypz\magic-003.pm3,,C:\Users\李\Desktop\WorkDocument\Grade3-b\Singapore\rrg_other\client\lock\config\ypz.json,ok,,36243,22,17,10,A/B,0,9709,27155,17446,5.728023598820059,16.020648967551622,4
ypz,magic,C:\Users\李\Desktop\WorkDocument\Grade3-b\Singapore\rrg_other\client\capture\ypz\magic-004.pm3,,C:\Users\李\Desktop\WorkDocument\Grade3-b\Singapore\rrg_other\client\lock\config\ypz.json,ok,,36243,23,18,10,A/B,0,9261,26579,17318,5.463716814159292,15.680825958702064,5
ypz,magic,C:\Users\李\Desktop\WorkDocument\Grade3-b\Singapore\rrg_other\client\capture\ypz\magic-005.pm3,,C:\Users\李\Desktop\WorkDocument\Grade3-b\Singapore\rrg_other\client\lock\config\ypz.json,ok,,36243,23,18,10,A/B,0,6541,23955,17414,3.858997050147493,14.132743362831858,5
ypz,magic,C:\Users\李\Desktop\WorkDocument\Grade3-b\Singapore\rrg_other\client\capture\ypz\magic-006.pm3,,C:\Users\李\Desktop\WorkDocument\Grade3-b\Singapore\rrg_other\client\lock\config\ypz.json,ok,,36243,22,17,10,A/B,0,9581,26995,17414,5.652507374631268,15.926253687315633,4
ypz,magic,C:\Users\李\Desktop\WorkDocument\Grade3-b\Singapore\rrg_other\client\capture\ypz\magic-007.pm3,,C:\Users\李\Desktop\WorkDocument\Grade3-b\Singapore\rrg_other\client\lock\config\ypz.json,ok,,36243,27,18,10,A/B,0,9197,26547,17350,5.4259587020648965,15.661946902654867,5
ypz,magic,C:\Users\李\Desktop\WorkDocument\Grade3-b\Singapore\rrg_other\client\capture\ypz\magic-008.pm3,,C:\Users\李\Desktop\WorkDocument\Grade3-b\Singapore\rrg_other\client\lock\config\ypz.json,ok,,36243,25,18,10,A/B,0,7981,25267,17286,4.708554572271387,14.906784660766961,5
ypz,magic,C:\Users\李\Desktop\WorkDocument\Grade3-b\Singapore\rrg_other\client\capture\ypz\magic-009.pm3,,C:\Users\李\Desktop\WorkDocument\Grade3-b\Singapore\rrg_other\client\lock\config\ypz.json,ok,,36243,21,17,10,A/B,0,5261,22547,17286,3.1038348082595872,13.302064896755162,5
ypz,magic,C:\Users\李\Desktop\WorkDocument\Grade3-b\Singapore\rrg_other\client\capture\ypz\magic.pm3,,C:\Users\李\Desktop\WorkDocument\Grade3-b\Singapore\rrg_other\client\lock\config\ypz.json,ok,,36243,27,18,10,A/B,0,7309,24627,17318,4.312094395280236,14.529203539823008,5
zxh,formal,C:\Users\李\Desktop\WorkDocument\Grade3-b\Singapore\rrg_other\client\capture\zxh\formal-001.pm3,,C:\Users\李\Desktop\WorkDocument\Grade3-b\Singapore\rrg_other\client\lock\config\zxh.json,ok,,36243,18,14,10,A/B,0,8525,26003,17478,5.0294985250737465,15.341002949852507,1
zxh,formal,C:\Users\李\Desktop\WorkDocument\Grade3-b\Singapore\rrg_other\client\capture\zxh\formal-002.pm3,,C:\Users\李\Desktop\WorkDocument\Grade3-b\Singapore\rrg_other\client\lock\config\zxh.json,ok,,36243,22,14,10,A/B,0,8525,26035,17510,5.0294985250737465,15.359882005899705,1
zxh,formal,C:\Users\李\Desktop\WorkDocument\Grade3-b\Singapore\rrg_other\client\capture\zxh\formal-003.pm3,,C:\Users\李\Desktop\WorkDocument\Grade3-b\Singapore\rrg_other\client\lock\config\zxh.json,rejected,cannot locate the first sector operation after selection,,,,,,,,,,,,
zxh,formal,C:\Users\李\Desktop\WorkDocument\Grade3-b\Singapore\rrg_other\client\capture\zxh\formal-004.pm3,,C:\Users\李\Desktop\WorkDocument\Grade3-b\Singapore\rrg_other\client\lock\config\zxh.json,ok,,36243,18,14,10,A/B,0,8781,26291,17510,5.180530973451328,15.510914454277287,1
zxh,formal,C:\Users\李\Desktop\WorkDocument\Grade3-b\Singapore\rrg_other\client\capture\zxh\formal-005.pm3,,C:\Users\李\Desktop\WorkDocument\Grade3-b\Singapore\rrg_other\client\lock\config\zxh.json,ok,,36243,18,14,10,A/B,0,9069,26451,17382,5.350442477876106,15.605309734513275,1
zxh,formal,C:\Users\李\Desktop\WorkDocument\Grade3-b\Singapore\rrg_other\client\capture\zxh\formal-006.pm3,,C:\Users\李\Desktop\WorkDocument\Grade3-b\Singapore\rrg_other\client\lock\config\zxh.json,ok,,36243,20,14,10,A/B,0,9613,27091,17478,5.671386430678466,15.982890855457226,1
zxh,formal,C:\Users\李\Desktop\WorkDocument\Grade3-b\Singapore\rrg_other\client\capture\zxh\formal-007.pm3,,C:\Users\李\Desktop\WorkDocument\Grade3-b\Singapore\rrg_other\client\lock\config\zxh.json,ok,,36243,18,14,10,A/B,0,6637,24115,17478,3.9156342182890858,14.227138643067846,1
zxh,formal,C:\Users\李\Desktop\WorkDocument\Grade3-b\Singapore\rrg_other\client\capture\zxh\formal-008.pm3,,C:\Users\李\Desktop\WorkDocument\Grade3-b\Singapore\rrg_other\client\lock\config\zxh.json,ok,,36243,18,14,10,A/B,0,6381,23795,17414,3.7646017699115046,14.03834808259587,1
zxh,formal,C:\Users\李\Desktop\WorkDocument\Grade3-b\Singapore\rrg_other\client\capture\zxh\formal-009.pm3,,C:\Users\李\Desktop\WorkDocument\Grade3-b\Singapore\rrg_other\client\lock\config\zxh.json,ok,,36243,19,14,10,A/B,0,9645,27091,17446,5.690265486725664,15.982890855457226,1
zxh,formal,C:\Users\李\Desktop\WorkDocument\Grade3-b\Singapore\rrg_other\client\capture\zxh\formal.pm3,,C:\Users\李\Desktop\WorkDocument\Grade3-b\Singapore\rrg_other\client\lock\config\zxh.json,rejected,cannot locate the first sector operation after selection,,,,,,,,,,,,
zxh,magic,C:\Users\李\Desktop\WorkDocument\Grade3-b\Singapore\rrg_other\client\capture\zxh\magic-001.pm3,,C:\Users\李\Desktop\WorkDocument\Grade3-b\Singapore\rrg_other\client\lock\config\zxh.json,rejected,"incomplete transaction: expected 10 RF frames, found 9",,,,,,,,,,,,
zxh,magic,C:\Users\李\Desktop\WorkDocument\Grade3-b\Singapore\rrg_other\client\capture\zxh\magic-002.pm3,,C:\Users\李\Desktop\WorkDocument\Grade3-b\Singapore\rrg_other\client\lock\config\zxh.json,rejected,ambiguous authentication 2 frame gap 2: 1.473 ms,,,,,,,,,,,,
zxh,magic,C:\Users\李\Desktop\WorkDocument\Grade3-b\Singapore\rrg_other\client\capture\zxh\magic-003.pm3,,C:\Users\李\Desktop\WorkDocument\Grade3-b\Singapore\rrg_other\client\lock\config\zxh.json,rejected,"incomplete transaction: expected 10 RF frames, found 9",,,,,,,,,,,,
zxh,magic,C:\Users\李\Desktop\WorkDocument\Grade3-b\Singapore\rrg_other\client\capture\zxh\magic-004.pm3,,C:\Users\李\Desktop\WorkDocument\Grade3-b\Singapore\rrg_other\client\lock\config\zxh.json,rejected,ambiguous authentication 2 frame gap 2: 1.340 ms,,,,,,,,,,,,
zxh,magic,C:\Users\李\Desktop\WorkDocument\Grade3-b\Singapore\rrg_other\client\capture\zxh\magic-005.pm3,,C:\Users\李\Desktop\WorkDocument\Grade3-b\Singapore\rrg_other\client\lock\config\zxh.json,rejected,ambiguous authentication 2 frame gap 2: 1.378 ms,,,,,,,,,,,,
zxh,magic,C:\Users\李\Desktop\WorkDocument\Grade3-b\Singapore\rrg_other\client\capture\zxh\magic-006.pm3,,C:\Users\李\Desktop\WorkDocument\Grade3-b\Singapore\rrg_other\client\lock\config\zxh.json,rejected,ambiguous authentication 2 frame gap 2: 1.359 ms,,,,,,,,,,,,
zxh,magic,C:\Users\李\Desktop\WorkDocument\Grade3-b\Singapore\rrg_other\client\capture\zxh\magic-007.pm3,,C:\Users\李\Desktop\WorkDocument\Grade3-b\Singapore\rrg_other\client\lock\config\zxh.json,rejected,ambiguous authentication 2 frame gap 2: 1.397 ms,,,,,,,,,,,,
zxh,magic,C:\Users\李\Desktop\WorkDocument\Grade3-b\Singapore\rrg_other\client\capture\zxh\magic-008.pm3,,C:\Users\李\Desktop\WorkDocument\Grade3-b\Singapore\rrg_other\client\lock\config\zxh.json,rejected,ambiguous authentication 2 frame gap 2: 1.359 ms,,,,,,,,,,,,
zxh,magic,C:\Users\李\Desktop\WorkDocument\Grade3-b\Singapore\rrg_other\client\capture\zxh\magic-009.pm3,,C:\Users\李\Desktop\WorkDocument\Grade3-b\Singapore\rrg_other\client\lock\config\zxh.json,rejected,ambiguous authentication 2 frame gap 2: 1.359 ms,,,,,,,,,,,,
zxh,magic,C:\Users\李\Desktop\WorkDocument\Grade3-b\Singapore\rrg_other\client\capture\zxh\magic.pm3,,C:\Users\李\Desktop\WorkDocument\Grade3-b\Singapore\rrg_other\client\lock\config\zxh.json,rejected,ambiguous authentication 2 frame gap 2: 1.397 ms,,,,,,,,,,,,
